matrix size (n),time
50,0.00011760000000000001
100,0.000415
500,0.010872900000000001
1000,0.0405681
10000,3.9952140000000003
