matrix_size(n),time
50,0.0018143100
100,0.0010761
500,0.0172798
1000,0.0497229
10000,4.42647
