matrix_size(n),time
50,0.0001595
100,0.0006459
500,0.010603
1000,0.0400466
10000,3.93336
