threads,time
1,5.3971193
2,5.335200400000001
4,5.3380462
8,5.3678300000000005
16,5.4358978
32,5.5199145000000005
64,5.4094154
128,5.2560919
