threads,time
1,4.953088
2,4.7737279
4,4.7477361
8,4.7630684
16,4.7155741
32,4.7035222
64,4.7233855
128,4.6177166000000005
